s004	founder-led-personal-brand
s004	posting-cadence
s004	platform-priority
s004	collective-engagement
s006	systems-and-rhythms
s006	value-equation
s006	content-to-community
s006	learning-in-public
s006	value-for-free
s001	come-for-content-stay-for-community
s001	growth-formula
s001	great-content-underperforms-without-packaging
s001	thumbnail-title-testing
s001	learning-out-loud
s001	ads-only-after-organic
s023	organic-social-biggest-opportunity
s023	attention-without-paying
s023	lean-in-not-fear
s023	watch-the-trends
s026	create-great-content-first
s026	shorts-for-new-audience
s026	thumbnail-is-the-trigger
s026	searchable-titles
s026	diagnose-content-not-promotion
s019	podcast-repurposing
s019	algorithm-flywheel
s005	response-infrastructure
s005	social-listening
