s056	niche-must-have-demand
s056	untapped-niche-gap
s056	dont-become-the-niche
s056	document-live
s056	four-winning-formats
s056	one-format-per-day
s056	youtube-method
s056	thesis-from-real-yt-video
s056	idea-is-50pct
s056	differentiate-or-be-a-clone
s056	30k-in-30-days
s056	minimum-viable-edit
s038	choose-niche
s038	five-phases
s038	burn-the-boats
s038	first-3-seconds-clarity
s038	hook-true-not-clickbait
s038	idea-over-edit
s038	trial-reels
s038	being-real
s038	1-percent-better
s004	one-specific-viewer
s004	specific-wording
s004	200-reels
s004	cut-dead-space
s004	cut-the-intro
s004	three-vs
s004	clout-equation
s062	ideal-viewer-persona
s062	persona-questions
s062	dream-result-carves-niche
s062	emotion-first
s062	dream-result-hook-template
s062	first-10-seconds
s062	5-second-rule
s062	value-before-information
s062	positioning-mentor-vs-friend
s062	two-virality-ingredients
s043	six-stages-roadmap
s043	90-day-timeline
s043	content-level-one-1k
s043	master-one-platform-first
s043	learn-content-before-offer
s043	market-before-product
s043	call-builds-rapport
s005	three-levels
s005	first-10k-timeline
s005	first-5-seconds
s005	three-cs
s064	four-levels-of-hooks
s064	three-core-principles
s064	copy-bar-for-bar
s064	hook-mistakes
s064	relatability-over-flex
s064	swap-keywords
