s024	idea-selection
s024	packaging-strategy
s024	thumbnails
s024	titles
s024	hook-and-intro
s024	retention-and-attention
s024	niche-and-positioning
s024	shorts-and-reels
s024	platform-strategy
s029	packaging-strategy
s029	idea-selection
s029	retention-and-attention
s029	niche-and-positioning
s029	formats-and-series
s011	hook-and-intro
s011	consistency-and-discipline
s011	formats-and-series
s011	shorts-and-reels
s011	niche-and-positioning
s011	platform-strategy
s016	idea-selection
s016	formats-and-series
s016	risk-and-reinvention
s016	hook-and-intro
s020	storytelling-structure
s020	packaging-strategy
s020	hook-and-intro
s020	thumbnails
s021	niche-and-positioning
s021	idea-selection
s021	packaging-strategy
s018	platform-strategy
s018	algorithm-insider
s002	idea-selection
s002	retention-and-attention
s002	hook-and-intro
s009	platform-strategy
s009	formats-and-series
s009	niche-and-positioning
s009	multi-platform-strategy
