s013	grows-method
s013	grows-pillar-selection
s014	accel-framework
s014	accel-content-format
s014	accel-posting-schedule
s014	accel-engagement-routine
s014	accel-liftoff
s014	accel-audience-research
s014	shares-metric
s015	4-1-1-content-calendar
s015	consistency-vs-frequency
s015	quality-over-quantity
s015	follower-goals
s015	series-content
s004	ebook-as-engine
s004	ebook-content-engine
s004	first-product-launch
s004	first-product
s004	pricing-philosophy
s004	authentic-video
s004	brand-partnerships
s004	email-list-priority
s004	personality-over-information
s004	beginner-mindset
s004	connection-teacher
s004	fear-of-judgment
s005	stories-strategy
s005	stories-selling
s005	carousel-tactics
s005	carousel-production
s005	reels-strategy
s005	saves-as-metric
s005	audience-size-philosophy
s005	silent-audience
s005	consumer-to-creator-shift
s005	instagram-lives
s005	instagram-seo
s005	seo-and-discovery
s005	video-content
s004	engagement-over-content
s004	one-believer-is-enough
s004	trust-builds-courage
s004	career-logic
