s002	growth-advice
s002	signal-hierarchy
s002	reach-and-shadowban-myths
s002	reels-and-video
s002	stories-and-feed
s002	instagram-identity
s004	growth-advice
s004	signal-hierarchy
s004	reels-and-video
s004	stories-and-feed
s004	small-vs-large-creators
s004	instagram-identity
s009	growth-advice
s009	format-distribution
s009	signal-hierarchy
s009	small-vs-large-creators
s009	reach-and-shadowban-myths
s001	growth-advice
s001	signal-hierarchy
s001	small-vs-large-creators
s001	instagram-identity
s006	growth-advice
s006	creator-economy
